Company Name,Researcher,Start Time,Completion Time,Time Spent (Hours),Data Completeness %,Quality Score,Source Verification,Issues Encountered,Process Improvements,User Satisfaction (1-10),Database Import Status,Notes
,,2025-08-19T16:20:31.232Z,2025-08-19T16:20:31.232Z,5,71,9,All sources verified,None,Process worked well,8,Pending,Data collection completed successfully
,,2025-08-19T16:20:32.236Z,2025-08-19T16:20:32.236Z,5,81,7,All sources verified,None,Process worked well,9,Pending,Data collection completed successfully
,,2025-08-19T16:20:33.239Z,2025-08-19T16:20:33.239Z,6,71,9,All sources verified,None,Process worked well,9,Pending,Data collection completed successfully
,,2025-08-19T16:20:34.239Z,2025-08-19T16:20:34.239Z,5,87,8,All sources verified,None,Process worked well,9,Pending,Data collection completed successfully
,,2025-08-19T16:20:35.240Z,2025-08-19T16:20:35.240Z,5,65,7,All sources verified,None,Process worked well,8,Pending,Data collection completed successfully
,,2025-08-19T16:20:36.242Z,2025-08-19T16:20:36.242Z,4,88,7,All sources verified,None,Process worked well,9,Pending,Data collection completed successfully
,,2025-08-19T16:20:37.337Z,2025-08-19T16:20:37.337Z,4,97,8,All sources verified,None,Process worked well,9,Pending,Data collection completed successfully
,,2025-08-19T16:20:38.372Z,2025-08-19T16:20:38.372Z,5,96,9,All sources verified,None,Process worked well,8,Pending,Data collection completed successfully
,,2025-08-19T16:20:39.374Z,2025-08-19T16:20:39.374Z,4,94,8,All sources verified,None,Process worked well,8,Pending,Data collection completed successfully
,,2025-08-19T16:20:40.376Z,2025-08-19T16:20:40.376Z,4,63,7,All sources verified,None,Process worked well,8,Pending,Data collection completed successfully
